               epoch,      train/box_loss,      train/obj_loss,      train/cls_loss,   metrics/precision,      metrics/recall,     metrics/mAP_0.5,metrics/mAP_0.5:0.95,        val/box_loss,        val/obj_loss,        val/cls_loss,               x/lr0,               x/lr1,               x/lr2
                   0,             0.11666,           0.0034531,            0.013894,           0.0012596,             0.27528,           0.0026616,          0.00085458,              0.1028,           0.0024266,            0.012557,             0.04824,             0.00064,             0.00064
                   1,            0.092715,           0.0054628,            0.012311,           0.0018012,             0.41273,            0.011191,           0.0033033,            0.079788,           0.0036143,            0.010818,            0.025796,           0.0012957,           0.0012957
                   2,            0.076717,           0.0071729,            0.011126,            0.061391,             0.12018,            0.067535,            0.020007,            0.067584,           0.0041641,           0.0093471,            0.003347,            0.001947,            0.001947
                   3,            0.063602,           0.0080333,           0.0097075,             0.70116,             0.20754,             0.23742,            0.098401,            0.058437,           0.0040358,           0.0082634,             0.00198,             0.00198,             0.00198
                   4,            0.057654,           0.0079106,           0.0088837,             0.89633,             0.26571,             0.36464,             0.15887,            0.050661,           0.0040463,           0.0077625,             0.00198,             0.00198,             0.00198
                   5,            0.049139,            0.007729,           0.0081984,             0.86576,             0.30152,             0.46804,             0.21611,            0.047569,           0.0039189,           0.0074062,           0.0019734,           0.0019734,           0.0019734
                   6,            0.045212,           0.0077713,           0.0080159,             0.84853,             0.36382,             0.53192,             0.25986,            0.042321,           0.0036983,           0.0068671,           0.0019667,           0.0019667,           0.0019667
                   7,            0.041559,           0.0068699,           0.0077413,             0.83575,             0.46029,              0.5551,             0.28679,            0.041584,           0.0034388,           0.0063513,           0.0019601,           0.0019601,           0.0019601
                   8,            0.040001,           0.0069052,           0.0076344,             0.88031,             0.43765,             0.56929,             0.31988,             0.03528,           0.0032534,           0.0061179,           0.0019534,           0.0019534,           0.0019534
                   9,            0.036839,           0.0066275,           0.0072953,             0.84223,              0.4731,             0.60619,             0.36491,            0.034538,           0.0030538,           0.0059605,           0.0019468,           0.0019468,           0.0019468
                  10,            0.034314,           0.0060052,           0.0069858,             0.87982,             0.49826,             0.64933,             0.42378,            0.030432,           0.0029416,           0.0057403,           0.0019401,           0.0019401,           0.0019401
                  11,            0.033601,           0.0060296,           0.0066726,             0.88563,             0.49989,               0.671,               0.417,            0.031244,           0.0027994,           0.0054657,           0.0019335,           0.0019335,           0.0019335
                  12,            0.031696,           0.0055676,           0.0065266,             0.88966,             0.51622,             0.69008,             0.44318,            0.030419,           0.0027012,           0.0053171,           0.0019268,           0.0019268,           0.0019268
                  13,            0.031353,           0.0052144,           0.0061349,             0.91148,             0.60059,             0.73269,             0.47082,            0.031293,           0.0025983,           0.0050875,           0.0019202,           0.0019202,           0.0019202
                  14,            0.032121,           0.0052775,           0.0062425,             0.87854,             0.64295,             0.74707,             0.50935,            0.030253,           0.0025065,           0.0048799,           0.0019135,           0.0019135,           0.0019135
                  15,            0.030805,           0.0053506,           0.0058988,             0.87648,              0.6652,             0.75603,             0.51821,            0.028361,           0.0024574,           0.0046683,           0.0019069,           0.0019069,           0.0019069
                  16,            0.029659,           0.0049917,           0.0054891,             0.88719,             0.68489,             0.77437,             0.49437,            0.029932,           0.0023864,           0.0045004,           0.0019002,           0.0019002,           0.0019002
                  17,            0.029321,           0.0048283,           0.0054238,             0.93931,             0.68948,             0.79546,             0.50096,            0.028955,           0.0023201,           0.0043102,           0.0018935,           0.0018935,           0.0018935
                  18,            0.029529,           0.0045986,           0.0053468,             0.93719,             0.68806,             0.81848,             0.53355,             0.02749,            0.002264,           0.0041633,           0.0018869,           0.0018869,           0.0018869
                  19,            0.027932,            0.004742,           0.0053049,              0.9247,             0.69183,             0.83904,             0.53773,            0.028073,           0.0022392,            0.004048,           0.0018802,           0.0018802,           0.0018802
                  20,            0.028356,           0.0045376,           0.0051674,             0.89602,             0.68417,             0.85944,             0.57131,            0.025603,           0.0022129,           0.0039177,           0.0018736,           0.0018736,           0.0018736
                  21,            0.027367,           0.0044229,           0.0048488,             0.93025,              0.6972,             0.86318,             0.56306,            0.026219,            0.002112,             0.00379,           0.0018669,           0.0018669,           0.0018669
                  22,             0.02785,           0.0043472,           0.0047056,              0.9223,             0.70026,             0.87057,             0.58652,            0.024855,            0.002095,           0.0037089,           0.0018603,           0.0018603,           0.0018603
                  23,            0.027506,           0.0040138,           0.0048092,             0.93828,             0.70536,             0.88245,             0.57967,            0.025306,           0.0020435,           0.0035794,           0.0018536,           0.0018536,           0.0018536
                  24,            0.027137,            0.004397,           0.0044635,              0.9386,             0.73404,             0.88498,             0.58767,            0.026009,           0.0020165,           0.0034927,            0.001847,            0.001847,            0.001847
                  25,            0.026653,           0.0042682,           0.0047019,             0.92377,             0.75994,             0.89472,             0.61466,            0.024378,           0.0019433,           0.0033853,           0.0018403,           0.0018403,           0.0018403
                  26,             0.02668,           0.0038539,           0.0043536,             0.91297,              0.7799,             0.90154,             0.61286,            0.025514,           0.0019227,           0.0033062,           0.0018337,           0.0018337,           0.0018337
                  27,             0.02604,           0.0038891,           0.0041908,             0.91089,             0.78761,             0.91299,             0.65157,            0.023395,           0.0018784,           0.0031835,            0.001827,            0.001827,            0.001827
                  28,            0.025836,           0.0039036,           0.0038978,             0.93447,             0.78445,              0.9238,              0.6163,            0.024737,           0.0018546,           0.0031206,           0.0018204,           0.0018204,           0.0018204
                  29,            0.024779,           0.0035674,           0.0038704,             0.92057,             0.77536,             0.92704,             0.63974,            0.022524,            0.001839,            0.003074,           0.0018137,           0.0018137,           0.0018137
                  30,            0.024704,           0.0036349,           0.0040828,             0.92827,             0.76407,             0.92975,             0.62676,              0.0246,           0.0018249,             0.00302,           0.0018071,           0.0018071,           0.0018071
                  31,            0.025468,           0.0038857,           0.0039533,             0.93066,             0.81239,             0.93906,             0.64205,            0.022514,           0.0018213,           0.0029497,           0.0018004,           0.0018004,           0.0018004
                  32,            0.024049,           0.0038823,           0.0036072,             0.92186,             0.84524,             0.94465,             0.65587,            0.022961,           0.0017839,           0.0028815,           0.0017937,           0.0017937,           0.0017937
                  33,            0.024478,           0.0035946,           0.0035446,             0.92165,             0.84645,             0.94761,             0.66046,             0.02469,           0.0017734,           0.0028313,           0.0017871,           0.0017871,           0.0017871
                  34,            0.024109,           0.0037472,           0.0035295,             0.91671,             0.86686,             0.95248,             0.66676,            0.023563,           0.0017321,           0.0027533,           0.0017804,           0.0017804,           0.0017804
                  35,            0.023983,           0.0036481,           0.0035371,             0.95008,             0.87291,             0.96396,             0.69736,            0.022883,           0.0016966,           0.0026846,           0.0017738,           0.0017738,           0.0017738
                  36,            0.023159,           0.0034466,           0.0033338,             0.94693,             0.86282,             0.96077,             0.68135,            0.022414,           0.0017077,            0.002619,           0.0017671,           0.0017671,           0.0017671
                  37,            0.023768,           0.0034011,           0.0032133,             0.93183,             0.84086,             0.96561,             0.66124,            0.025424,           0.0016821,           0.0025911,           0.0017605,           0.0017605,           0.0017605
                  38,            0.022834,           0.0034795,           0.0031587,             0.91704,             0.84749,             0.96851,             0.66225,            0.024236,           0.0017036,           0.0025403,           0.0017538,           0.0017538,           0.0017538
                  39,            0.023226,           0.0035059,           0.0031252,              0.9464,             0.84876,             0.96922,              0.6539,            0.023446,           0.0016658,           0.0024949,           0.0017472,           0.0017472,           0.0017472
                  40,            0.022632,           0.0033477,           0.0030927,             0.93141,             0.86362,              0.9675,             0.68525,            0.022591,           0.0016284,           0.0024923,           0.0017405,           0.0017405,           0.0017405
                  41,            0.023679,           0.0034562,           0.0030506,             0.93305,             0.88145,             0.97368,             0.67949,            0.022244,           0.0016185,           0.0024092,           0.0017339,           0.0017339,           0.0017339
                  42,            0.021701,           0.0032665,           0.0029338,             0.92962,              0.8747,             0.97414,             0.68832,            0.022013,           0.0016426,            0.002346,           0.0017272,           0.0017272,           0.0017272
                  43,            0.023601,           0.0035063,           0.0031408,             0.92904,             0.87761,             0.97329,              0.6721,            0.023835,           0.0016418,           0.0023098,           0.0017206,           0.0017206,           0.0017206
                  44,            0.021437,           0.0032348,           0.0026689,             0.93724,             0.87351,             0.97142,             0.68503,            0.022316,           0.0016169,           0.0022656,           0.0017139,           0.0017139,           0.0017139
                  45,            0.023186,           0.0032067,           0.0029194,             0.94447,             0.90129,             0.97674,              0.6968,            0.023126,           0.0015913,           0.0022229,           0.0017073,           0.0017073,           0.0017073
                  46,            0.021864,           0.0033144,           0.0027365,             0.94232,             0.89852,             0.97953,             0.70283,             0.02204,           0.0016049,           0.0021455,           0.0017006,           0.0017006,           0.0017006
                  47,            0.022042,           0.0032667,           0.0026456,             0.92244,             0.91534,             0.98031,             0.71465,             0.02163,           0.0015674,           0.0020856,           0.0016939,           0.0016939,           0.0016939
                  48,            0.022581,           0.0033167,            0.002808,             0.94105,             0.92849,             0.98056,             0.71335,             0.02233,           0.0015399,           0.0020802,           0.0016873,           0.0016873,           0.0016873
                  49,             0.02189,           0.0031517,           0.0023959,             0.93743,             0.91236,             0.97807,             0.71613,            0.022589,            0.001576,           0.0020591,           0.0016806,           0.0016806,           0.0016806
                  50,             0.02214,           0.0031882,           0.0024401,             0.92468,             0.91358,             0.97849,             0.69024,            0.022814,           0.0015924,           0.0020236,            0.001674,            0.001674,            0.001674
                  51,            0.021987,           0.0032188,           0.0025159,              0.9401,             0.91896,             0.97942,             0.70536,             0.02136,           0.0015862,           0.0020021,           0.0016673,           0.0016673,           0.0016673
                  52,            0.022023,           0.0030292,           0.0023825,             0.94176,             0.92893,             0.97962,             0.71234,            0.023063,            0.001566,           0.0019706,           0.0016607,           0.0016607,           0.0016607
                  53,            0.021427,           0.0029814,           0.0025262,             0.94967,             0.93453,             0.98261,             0.71039,            0.022631,            0.001517,           0.0019477,            0.001654,            0.001654,            0.001654
                  54,            0.021585,           0.0031949,            0.002422,             0.95015,             0.93324,             0.98288,             0.69156,            0.022437,            0.001476,           0.0018701,           0.0016474,           0.0016474,           0.0016474
                  55,            0.020676,           0.0029641,           0.0021517,             0.96087,             0.93841,             0.98685,             0.69822,            0.021782,           0.0014468,           0.0017997,           0.0016407,           0.0016407,           0.0016407
                  56,            0.021666,           0.0030426,           0.0021146,             0.95562,             0.95323,             0.98827,             0.71764,            0.021128,           0.0014335,           0.0017852,           0.0016341,           0.0016341,           0.0016341
                  57,             0.02068,           0.0031437,           0.0021071,             0.95121,             0.97052,             0.98812,             0.72298,            0.020786,           0.0014152,           0.0017346,           0.0016274,           0.0016274,           0.0016274
                  58,            0.020883,           0.0027741,           0.0020936,             0.94536,             0.97213,             0.98817,             0.73232,            0.019896,           0.0014038,           0.0017005,           0.0016208,           0.0016208,           0.0016208
                  59,            0.020782,           0.0028816,           0.0021895,             0.95289,             0.97674,              0.9883,              0.7233,            0.020602,            0.001399,            0.001674,           0.0016141,           0.0016141,           0.0016141
                  60,            0.021042,           0.0028385,             0.00207,             0.95488,             0.97099,             0.98649,             0.71019,            0.022326,           0.0013865,            0.001664,           0.0016075,           0.0016075,           0.0016075
                  61,            0.020961,           0.0029438,           0.0021825,             0.95659,             0.96668,             0.98492,             0.71106,             0.02131,           0.0014156,           0.0016553,           0.0016008,           0.0016008,           0.0016008
                  62,            0.021154,           0.0031335,           0.0022714,             0.96209,             0.96739,             0.98723,             0.71596,            0.021317,           0.0014279,           0.0016112,           0.0015941,           0.0015941,           0.0015941
                  63,            0.021012,           0.0027583,           0.0020356,             0.95626,             0.95488,             0.98439,             0.71409,            0.020844,           0.0014415,           0.0015938,           0.0015875,           0.0015875,           0.0015875
                  64,            0.020726,            0.002736,           0.0019924,             0.96239,             0.95558,             0.98582,             0.71206,            0.022487,           0.0014272,           0.0016058,           0.0015808,           0.0015808,           0.0015808
                  65,            0.020169,           0.0029077,            0.001905,             0.95856,             0.97338,              0.9862,             0.70903,            0.021127,           0.0014003,           0.0015512,           0.0015742,           0.0015742,           0.0015742
                  66,            0.020862,            0.002918,            0.002059,             0.96032,             0.96876,             0.98593,             0.72899,            0.020107,           0.0013947,           0.0015529,           0.0015675,           0.0015675,           0.0015675
                  67,            0.020447,           0.0026544,           0.0019201,             0.96457,             0.96787,             0.98595,              0.6933,            0.022642,           0.0013863,           0.0015172,           0.0015609,           0.0015609,           0.0015609
                  68,            0.020068,           0.0028731,           0.0018851,             0.97143,              0.9685,             0.98724,              0.7015,            0.021256,           0.0013368,           0.0014693,           0.0015542,           0.0015542,           0.0015542
                  69,            0.020617,           0.0027031,           0.0018375,             0.97614,             0.96415,             0.98806,              0.7251,            0.020183,           0.0013547,           0.0014445,           0.0015476,           0.0015476,           0.0015476
                  70,            0.019371,           0.0026986,           0.0016742,             0.96612,             0.95672,              0.9872,             0.72273,            0.020471,           0.0013424,           0.0014327,           0.0015409,           0.0015409,           0.0015409
                  71,            0.018958,            0.002638,           0.0016209,             0.97052,             0.95852,             0.98635,             0.69768,            0.020268,           0.0013408,           0.0013614,           0.0015343,           0.0015343,           0.0015343
                  72,            0.019518,           0.0026973,           0.0016339,              0.9808,             0.95887,             0.98724,              0.7183,            0.019954,           0.0013075,            0.001313,           0.0015276,           0.0015276,           0.0015276
                  73,             0.01968,           0.0027058,           0.0016056,             0.98127,             0.95921,             0.98747,             0.70846,             0.02015,           0.0013167,           0.0012789,            0.001521,            0.001521,            0.001521
                  74,            0.019574,           0.0026725,           0.0017379,             0.97843,             0.96937,             0.98854,             0.71599,            0.020617,           0.0013133,           0.0012444,           0.0015143,           0.0015143,           0.0015143
                  75,            0.020022,           0.0028316,           0.0015635,             0.97788,              0.9663,             0.98791,             0.70867,             0.02156,           0.0013338,           0.0012114,           0.0015077,           0.0015077,           0.0015077
                  76,            0.019567,           0.0025492,           0.0015187,             0.97902,             0.97697,             0.98773,             0.73972,            0.020607,           0.0013182,           0.0011831,            0.001501,            0.001501,            0.001501
                  77,            0.019286,           0.0026315,           0.0016011,              0.9748,             0.97376,             0.98844,             0.72059,            0.020514,           0.0013166,           0.0011864,           0.0014943,           0.0014943,           0.0014943
                  78,            0.019628,            0.002733,           0.0016872,             0.97458,             0.97735,             0.98735,             0.70417,            0.021377,           0.0012985,           0.0011809,           0.0014877,           0.0014877,           0.0014877
                  79,            0.019163,            0.002433,           0.0014856,             0.97626,             0.96989,             0.98895,             0.70638,            0.021339,           0.0012852,           0.0012006,            0.001481,            0.001481,            0.001481
                  80,            0.019883,           0.0028217,           0.0014965,             0.97152,             0.97634,             0.98726,             0.71848,            0.020431,           0.0012951,           0.0011648,           0.0014744,           0.0014744,           0.0014744
                  81,            0.019063,           0.0025401,           0.0013685,             0.96577,             0.97668,             0.98757,             0.71918,            0.019843,           0.0012768,           0.0011446,           0.0014677,           0.0014677,           0.0014677
                  82,            0.019125,           0.0026746,           0.0015638,             0.96987,             0.97989,             0.98751,             0.72433,            0.020942,           0.0012803,           0.0011599,           0.0014611,           0.0014611,           0.0014611
                  83,            0.019706,           0.0026541,           0.0015688,             0.96637,             0.97804,             0.98693,             0.73173,            0.020871,           0.0012532,             0.00115,           0.0014544,           0.0014544,           0.0014544
                  84,            0.019351,           0.0027323,           0.0015947,             0.97206,              0.9799,             0.98762,              0.7305,            0.020637,            0.001253,           0.0011094,           0.0014478,           0.0014478,           0.0014478
                  85,            0.018873,           0.0025672,           0.0014911,             0.96994,             0.98038,             0.98767,             0.73003,            0.019716,           0.0012619,           0.0010531,           0.0014411,           0.0014411,           0.0014411
                  86,            0.019328,           0.0024647,           0.0013243,             0.96159,             0.97562,             0.98715,             0.71631,            0.021575,            0.001294,           0.0010424,           0.0014345,           0.0014345,           0.0014345
                  87,            0.018612,           0.0025928,           0.0012984,             0.97426,             0.97505,             0.98901,             0.73266,            0.020649,           0.0012756,           0.0010325,           0.0014278,           0.0014278,           0.0014278
                  88,            0.019536,           0.0027302,           0.0014717,             0.96922,             0.98042,             0.98857,             0.74378,            0.020235,           0.0012551,           0.0010277,           0.0014212,           0.0014212,           0.0014212
                  89,            0.019212,           0.0027505,           0.0014458,             0.97528,             0.97928,             0.98928,             0.73637,            0.019528,           0.0012533,           0.0010392,           0.0014145,           0.0014145,           0.0014145
                  90,            0.019024,           0.0026939,           0.0013202,             0.97205,             0.97784,             0.98871,             0.72547,            0.019109,           0.0012561,           0.0010416,           0.0014079,           0.0014079,           0.0014079
                  91,            0.018361,           0.0026593,           0.0013485,             0.97243,             0.97166,             0.98893,             0.72899,            0.019855,           0.0012439,           0.0010215,           0.0014012,           0.0014012,           0.0014012
                  92,            0.018355,           0.0025336,            0.001189,             0.97213,             0.97261,             0.98899,             0.72755,            0.020737,            0.001264,           0.0010187,           0.0013945,           0.0013945,           0.0013945
                  93,            0.018655,           0.0023048,           0.0012121,             0.97911,             0.95376,             0.98939,             0.73193,            0.019595,           0.0012703,          0.00098513,           0.0013879,           0.0013879,           0.0013879
                  94,            0.019416,           0.0026331,           0.0014934,             0.97583,             0.96759,             0.98983,              0.7507,            0.019023,           0.0012777,          0.00096995,           0.0013812,           0.0013812,           0.0013812
                  95,            0.018621,           0.0025241,           0.0011633,             0.97809,             0.97511,              0.9893,             0.72277,            0.019832,           0.0012665,          0.00094585,           0.0013746,           0.0013746,           0.0013746
                  96,            0.018459,           0.0025056,           0.0012408,             0.98157,             0.97365,             0.98979,             0.71713,            0.020836,           0.0012948,          0.00093545,           0.0013679,           0.0013679,           0.0013679
                  97,            0.018239,           0.0025168,           0.0011618,             0.97931,             0.98416,             0.99027,             0.72118,            0.020686,           0.0012936,          0.00089693,           0.0013613,           0.0013613,           0.0013613
                  98,            0.017907,           0.0024858,           0.0011591,             0.97929,             0.98142,             0.99024,             0.73604,            0.018591,           0.0012653,          0.00089557,           0.0013546,           0.0013546,           0.0013546
                  99,            0.018503,           0.0025428,           0.0012361,             0.98034,             0.97911,             0.99045,             0.74208,            0.020019,           0.0012627,          0.00093552,            0.001348,            0.001348,            0.001348
                 100,            0.018073,           0.0023313,           0.0011674,             0.97369,             0.98146,             0.98981,             0.74158,            0.019202,            0.001246,           0.0009303,           0.0013413,           0.0013413,           0.0013413
                 101,            0.018159,           0.0024259,           0.0011848,             0.97104,             0.98791,             0.98993,              0.7198,            0.020534,           0.0012422,            0.000928,           0.0013347,           0.0013347,           0.0013347
                 102,            0.017493,           0.0024549,           0.0009924,               0.971,             0.98431,             0.99009,             0.73298,            0.019076,            0.001245,          0.00089214,            0.001328,            0.001328,            0.001328
                 103,            0.017748,           0.0023192,           0.0011131,             0.98099,             0.97377,             0.99062,             0.72441,            0.020085,           0.0012161,          0.00087811,           0.0013214,           0.0013214,           0.0013214
                 104,             0.01797,           0.0024645,           0.0010936,             0.98318,             0.98439,             0.99123,             0.72538,            0.020981,           0.0011954,          0.00087134,           0.0013147,           0.0013147,           0.0013147
                 105,            0.018375,           0.0024698,           0.0011106,             0.98194,             0.98368,             0.99132,             0.75156,            0.018627,            0.001167,          0.00086649,           0.0013081,           0.0013081,           0.0013081
                 106,            0.017846,           0.0023815,           0.0011338,             0.98153,             0.98307,             0.99125,              0.7316,             0.01823,           0.0011746,          0.00088583,           0.0013014,           0.0013014,           0.0013014
                 107,            0.017461,           0.0024212,           0.0010666,              0.9788,             0.98311,             0.99146,             0.71942,            0.020518,           0.0011862,           0.0008731,           0.0012947,           0.0012947,           0.0012947
                 108,            0.018198,           0.0024003,           0.0012241,             0.98443,             0.97475,             0.99134,             0.74035,            0.019261,           0.0012292,          0.00088889,           0.0012881,           0.0012881,           0.0012881
                 109,            0.017577,           0.0023133,           0.0010377,             0.98506,             0.97941,              0.9912,             0.72924,            0.019954,           0.0012306,          0.00089708,           0.0012814,           0.0012814,           0.0012814
                 110,            0.017621,           0.0023168,           0.0010762,             0.98519,             0.97737,             0.99113,             0.73689,             0.02012,           0.0012231,          0.00085372,           0.0012748,           0.0012748,           0.0012748
                 111,             0.01777,           0.0023394,           0.0010075,             0.98617,             0.97097,             0.99107,             0.72827,            0.020287,           0.0012497,          0.00085138,           0.0012681,           0.0012681,           0.0012681
                 112,             0.01748,           0.0024008,           0.0012273,             0.96872,             0.98105,              0.9906,             0.73583,            0.019723,           0.0012453,          0.00089754,           0.0012615,           0.0012615,           0.0012615
                 113,            0.018318,           0.0024002,          0.00097523,             0.97059,             0.97777,             0.99065,             0.74755,             0.01879,           0.0012439,          0.00088315,           0.0012548,           0.0012548,           0.0012548
                 114,            0.018335,           0.0024901,           0.0009079,             0.97418,             0.97233,             0.99066,             0.74682,            0.019734,            0.001252,          0.00084014,           0.0012482,           0.0012482,           0.0012482
                 115,            0.017847,           0.0023538,           0.0010829,              0.9809,             0.98043,             0.99104,             0.73692,            0.019808,           0.0012358,          0.00080937,           0.0012415,           0.0012415,           0.0012415
                 116,            0.016747,           0.0022443,          0.00092832,             0.97475,             0.97953,             0.99096,             0.73407,            0.019095,            0.001226,          0.00078426,           0.0012349,           0.0012349,           0.0012349
                 117,            0.017025,           0.0024013,           0.0010365,             0.96592,             0.98161,             0.99033,             0.74369,             0.01925,           0.0012234,          0.00080735,           0.0012282,           0.0012282,           0.0012282
                 118,             0.01725,           0.0024102,          0.00097223,             0.96891,             0.98182,             0.99075,             0.71887,            0.020575,           0.0012316,          0.00081066,           0.0012216,           0.0012216,           0.0012216
                 119,            0.017499,           0.0023003,          0.00095945,             0.96864,             0.98502,             0.99099,             0.71659,            0.020291,           0.0011809,          0.00078456,           0.0012149,           0.0012149,           0.0012149
                 120,            0.017314,           0.0022633,           0.0010019,             0.97336,             0.98161,             0.99088,             0.73623,            0.019361,           0.0011876,          0.00078351,           0.0012083,           0.0012083,           0.0012083
                 121,            0.017053,           0.0023486,           0.0009999,             0.97368,             0.97789,             0.99061,             0.71564,            0.019908,           0.0012082,          0.00078839,           0.0012016,           0.0012016,           0.0012016
                 122,            0.016807,            0.002233,          0.00091949,             0.96959,             0.97391,             0.99007,             0.73847,            0.018195,           0.0012061,          0.00079263,           0.0011949,           0.0011949,           0.0011949
                 123,            0.016492,           0.0023706,          0.00087926,             0.96415,             0.97893,             0.99013,             0.72948,            0.018417,           0.0012201,          0.00077101,           0.0011883,           0.0011883,           0.0011883
                 124,             0.01716,           0.0022802,          0.00092654,             0.96348,             0.97737,             0.99036,             0.75135,            0.019013,           0.0012139,          0.00074165,           0.0011816,           0.0011816,           0.0011816
                 125,            0.018209,           0.0025126,           0.0011049,              0.9647,             0.97576,             0.99042,             0.75915,            0.018468,           0.0012041,           0.0007223,            0.001175,            0.001175,            0.001175
                 126,            0.016661,           0.0021568,          0.00081993,             0.96331,             0.97718,              0.9905,             0.74335,            0.019123,           0.0012436,          0.00071734,           0.0011683,           0.0011683,           0.0011683
                 127,            0.017347,           0.0023552,           0.0010117,             0.96119,             0.98039,             0.99005,             0.74693,            0.018798,           0.0012028,          0.00069319,           0.0011617,           0.0011617,           0.0011617
                 128,            0.017722,           0.0024111,           0.0010546,             0.96248,             0.98679,              0.9903,             0.75798,            0.018118,            0.001217,          0.00069537,            0.001155,            0.001155,            0.001155
                 129,            0.016798,            0.002248,          0.00093727,             0.96592,             0.98626,             0.98976,              0.7492,            0.019603,           0.0012079,          0.00070134,           0.0011484,           0.0011484,           0.0011484
                 130,            0.016602,           0.0021433,          0.00082783,             0.97216,             0.98842,             0.99052,             0.76048,            0.018576,           0.0011772,          0.00068591,           0.0011417,           0.0011417,           0.0011417
                 131,            0.017151,           0.0022115,          0.00078428,             0.98178,             0.95982,              0.9898,             0.75729,            0.018767,           0.0011688,          0.00070079,           0.0011351,           0.0011351,           0.0011351
                 132,            0.016452,           0.0022131,           0.0008286,             0.98228,             0.97773,             0.99119,             0.74564,            0.019655,           0.0011508,          0.00068595,           0.0011284,           0.0011284,           0.0011284
                 133,            0.016642,           0.0022004,           0.0007789,             0.97287,             0.98464,             0.99058,             0.74937,            0.019393,           0.0011398,          0.00068856,           0.0011218,           0.0011218,           0.0011218
                 134,            0.015927,           0.0023214,           0.0009334,             0.97477,             0.98487,             0.99083,             0.74543,            0.019347,           0.0011331,          0.00066649,           0.0011151,           0.0011151,           0.0011151
                 135,            0.017081,           0.0022241,          0.00090971,             0.98002,             0.98472,             0.99136,               0.748,            0.018281,           0.0011424,          0.00066176,           0.0011085,           0.0011085,           0.0011085
                 136,            0.016852,           0.0022185,          0.00091313,             0.98261,             0.98418,             0.99148,             0.74068,            0.019314,           0.0011431,          0.00064012,           0.0011018,           0.0011018,           0.0011018
                 137,            0.017117,           0.0022503,          0.00093029,             0.98154,             0.98341,             0.99146,             0.76041,            0.018485,           0.0011945,          0.00064519,           0.0010951,           0.0010951,           0.0010951
                 138,            0.016653,           0.0022259,          0.00089994,             0.97153,             0.97968,             0.99046,             0.74277,            0.019112,           0.0011856,          0.00066747,           0.0010885,           0.0010885,           0.0010885
                 139,            0.016307,           0.0020955,          0.00080589,             0.97984,             0.97332,             0.99079,             0.75456,            0.017903,           0.0011829,          0.00068249,           0.0010818,           0.0010818,           0.0010818
                 140,            0.016272,           0.0021498,           0.0008527,             0.98633,             0.97811,             0.99113,             0.75652,            0.019211,           0.0011546,          0.00068374,           0.0010752,           0.0010752,           0.0010752
                 141,            0.017046,           0.0022673,           0.0009532,             0.98628,             0.98049,             0.99108,             0.75151,            0.018463,           0.0011651,          0.00067347,           0.0010685,           0.0010685,           0.0010685
                 142,            0.015784,           0.0022688,          0.00085037,             0.98475,              0.9811,             0.99109,             0.75372,            0.018651,           0.0011602,          0.00067568,           0.0010619,           0.0010619,           0.0010619
                 143,            0.016695,           0.0022453,          0.00096473,             0.97942,             0.98148,             0.99035,             0.74943,            0.018424,           0.0011733,          0.00067724,           0.0010552,           0.0010552,           0.0010552
                 144,            0.016325,           0.0023368,          0.00085195,             0.97849,             0.98345,             0.99055,             0.73345,             0.01991,           0.0011717,          0.00068489,           0.0010486,           0.0010486,           0.0010486
                 145,            0.016433,           0.0022241,          0.00085517,              0.9782,             0.98318,              0.9904,             0.73858,            0.019218,           0.0011778,          0.00070798,           0.0010419,           0.0010419,           0.0010419
                 146,            0.016393,           0.0022676,          0.00081252,              0.9772,             0.98384,             0.99045,             0.73476,            0.020166,           0.0011784,          0.00070976,           0.0010353,           0.0010353,           0.0010353
                 147,            0.015702,           0.0020141,          0.00073889,             0.97843,             0.98304,             0.99101,             0.75107,            0.019334,           0.0011486,          0.00065695,           0.0010286,           0.0010286,           0.0010286
                 148,            0.016454,            0.002425,          0.00083552,             0.97656,             0.98238,             0.99113,             0.76277,            0.018025,           0.0011463,          0.00065786,            0.001022,            0.001022,            0.001022
                 149,            0.015667,            0.002069,          0.00071655,             0.97718,             0.98263,             0.99093,             0.74061,            0.020165,           0.0011618,          0.00064926,           0.0010153,           0.0010153,           0.0010153
                 150,            0.015876,           0.0021535,          0.00079475,             0.97706,             0.98388,              0.9908,             0.74481,            0.019657,           0.0011704,          0.00063719,           0.0010087,           0.0010087,           0.0010087
                 151,            0.015472,           0.0021163,          0.00074377,             0.97679,              0.9836,             0.99003,             0.76249,            0.018376,           0.0011822,          0.00063037,            0.001002,            0.001002,            0.001002
                 152,            0.015259,           0.0021958,          0.00078058,             0.97769,             0.98386,             0.98993,             0.75132,            0.018364,           0.0011386,          0.00063298,          0.00099535,          0.00099535,          0.00099535
                 153,            0.016224,            0.002296,           0.0007363,             0.97675,             0.98349,             0.98993,             0.75403,            0.018836,           0.0011415,          0.00062359,          0.00098869,          0.00098869,          0.00098869
                 154,            0.016207,           0.0021882,          0.00075123,             0.97436,             0.98226,             0.98997,             0.74787,            0.018884,            0.001129,          0.00061629,          0.00098204,          0.00098204,          0.00098204
                 155,            0.016305,           0.0022659,          0.00081957,             0.97691,             0.97993,             0.99003,              0.7575,            0.018353,           0.0010872,          0.00059075,          0.00097539,          0.00097539,          0.00097539
                 156,             0.01576,           0.0021117,          0.00071027,             0.98136,             0.98113,             0.99045,             0.75903,            0.017861,           0.0011032,          0.00056987,          0.00096873,          0.00096873,          0.00096873
                 157,            0.015958,           0.0021701,          0.00081569,              0.9807,             0.98523,             0.99058,             0.76564,            0.018384,           0.0010948,          0.00055564,          0.00096208,          0.00096208,          0.00096208
                 158,            0.015445,           0.0019729,          0.00060997,             0.98017,             0.98537,             0.99083,             0.75137,            0.017745,           0.0010931,          0.00054591,          0.00095543,          0.00095543,          0.00095543
                 159,            0.015701,           0.0020224,          0.00076377,             0.97651,             0.98636,             0.99094,             0.75046,             0.01853,           0.0010788,          0.00055939,          0.00094877,          0.00094877,          0.00094877
                 160,            0.015937,           0.0022687,          0.00066597,             0.97803,             0.98509,             0.99094,             0.74857,            0.018279,           0.0010829,          0.00058412,          0.00094212,          0.00094212,          0.00094212
                 161,            0.015506,           0.0022402,          0.00069123,             0.96832,             0.98536,             0.98976,             0.74941,            0.018611,           0.0010843,          0.00058462,          0.00093547,          0.00093547,          0.00093547
                 162,            0.015844,           0.0021605,          0.00080433,             0.97416,             0.98548,             0.99026,             0.77079,            0.016757,           0.0010725,          0.00057451,          0.00092881,          0.00092881,          0.00092881
                 163,            0.015117,           0.0020207,          0.00061107,             0.97671,             0.98382,             0.99104,             0.74278,            0.019292,            0.001079,           0.0005707,          0.00092216,          0.00092216,          0.00092216
                 164,            0.016007,           0.0021512,          0.00075538,             0.97419,             0.98251,              0.9909,             0.74734,            0.018347,           0.0011126,          0.00057302,          0.00091551,          0.00091551,          0.00091551
                 165,            0.015531,           0.0021811,          0.00071356,             0.98334,              0.9832,             0.99148,             0.75251,            0.018436,            0.001108,           0.0005749,          0.00090885,          0.00090885,          0.00090885
                 166,            0.015228,           0.0020719,           0.0006577,             0.97595,             0.98245,             0.99043,              0.7462,            0.019423,           0.0010868,          0.00060599,           0.0009022,           0.0009022,           0.0009022
                 167,            0.014842,           0.0020392,          0.00067945,             0.97635,             0.98259,              0.9909,             0.75087,            0.017666,           0.0011034,          0.00060736,          0.00089555,          0.00089555,          0.00089555
                 168,            0.016017,           0.0021771,          0.00072093,             0.98166,             0.98361,              0.9917,             0.75254,            0.018617,           0.0011279,          0.00059673,          0.00088889,          0.00088889,          0.00088889
                 169,            0.015004,           0.0020726,          0.00075781,              0.9812,             0.98268,             0.99153,             0.75568,            0.018548,           0.0011242,          0.00060749,          0.00088224,          0.00088224,          0.00088224
                 170,            0.015508,           0.0021544,          0.00072961,             0.98353,             0.98281,             0.99141,              0.7515,            0.018771,           0.0011335,          0.00060759,          0.00087559,          0.00087559,          0.00087559
                 171,              0.0153,           0.0022721,          0.00076707,             0.98277,             0.98357,             0.99133,             0.74988,            0.018972,            0.001127,          0.00059302,          0.00086893,          0.00086893,          0.00086893
                 172,            0.015084,           0.0019948,          0.00066312,             0.98182,             0.98431,             0.99134,              0.7481,            0.017967,           0.0011107,          0.00057495,          0.00086228,          0.00086228,          0.00086228
                 173,            0.015798,           0.0020773,          0.00068469,             0.97647,             0.98463,             0.99104,             0.74837,            0.018926,           0.0011079,          0.00056604,          0.00085563,          0.00085563,          0.00085563
                 174,            0.015832,           0.0021484,          0.00061243,             0.97742,             0.98454,             0.99094,             0.76589,            0.018449,           0.0010931,          0.00055997,          0.00084897,          0.00084897,          0.00084897
                 175,            0.015296,            0.002006,          0.00060801,             0.97726,             0.98407,             0.99102,             0.75101,            0.018559,           0.0011077,          0.00054538,          0.00084232,          0.00084232,          0.00084232
                 176,            0.015178,            0.002154,          0.00070232,             0.97707,             0.98372,             0.99096,             0.75541,            0.017966,            0.001112,           0.0005439,          0.00083567,          0.00083567,          0.00083567
                 177,            0.014658,           0.0020099,          0.00060066,             0.97783,             0.98246,             0.99101,             0.76032,            0.018002,           0.0011064,          0.00055478,          0.00082901,          0.00082901,          0.00082901
                 178,            0.015821,           0.0021121,          0.00070941,             0.98234,             0.98289,              0.9911,             0.76823,            0.017234,           0.0011047,          0.00056829,          0.00082236,          0.00082236,          0.00082236
                 179,            0.015809,           0.0022125,          0.00068011,             0.98292,             0.98263,             0.99098,             0.75617,            0.018965,           0.0011024,          0.00056909,          0.00081571,          0.00081571,          0.00081571
                 180,            0.015223,           0.0020021,          0.00057493,             0.97745,             0.97904,             0.99055,             0.74589,            0.019147,           0.0010962,          0.00056359,          0.00080905,          0.00080905,          0.00080905
                 181,            0.014602,            0.002194,          0.00068029,             0.98576,             0.98154,             0.99122,             0.76505,             0.01749,           0.0010882,          0.00055678,           0.0008024,           0.0008024,           0.0008024
                 182,            0.014586,           0.0019617,          0.00054602,             0.98369,             0.98268,             0.99123,             0.76817,            0.017566,           0.0010868,          0.00057152,          0.00079575,          0.00079575,          0.00079575
                 183,            0.014978,           0.0021305,          0.00071028,             0.98181,             0.98344,             0.99126,             0.75964,            0.018253,           0.0010803,          0.00057911,          0.00078909,          0.00078909,          0.00078909
                 184,            0.015061,           0.0020607,          0.00066319,             0.98196,             0.98415,              0.9912,             0.75865,             0.01831,            0.001093,          0.00058226,          0.00078244,          0.00078244,          0.00078244
                 185,            0.015019,           0.0020771,          0.00060746,              0.9829,             0.98413,             0.99117,             0.75956,            0.019028,           0.0010661,          0.00056756,          0.00077579,          0.00077579,          0.00077579
                 186,            0.015166,           0.0020205,          0.00070834,             0.98305,             0.98359,             0.99106,             0.76156,            0.017599,           0.0010842,          0.00057626,          0.00076913,          0.00076913,          0.00076913
                 187,            0.014712,           0.0020048,          0.00068411,             0.98508,             0.98227,             0.99124,             0.76026,             0.01765,           0.0010604,          0.00058439,          0.00076248,          0.00076248,          0.00076248
                 188,            0.015191,           0.0021418,          0.00061944,             0.98474,              0.9822,              0.9915,             0.76056,            0.018438,           0.0010822,          0.00058114,          0.00075583,          0.00075583,          0.00075583
                 189,            0.015108,            0.002039,          0.00058733,             0.98238,             0.98309,             0.99153,             0.76157,            0.018171,           0.0011005,          0.00058053,          0.00074917,          0.00074917,          0.00074917
                 190,            0.015083,           0.0019343,          0.00055264,             0.98215,             0.98305,             0.99133,             0.74862,            0.018282,           0.0011232,          0.00058684,          0.00074252,          0.00074252,          0.00074252
                 191,            0.014709,           0.0020317,          0.00053574,             0.98342,             0.98291,              0.9912,              0.7574,            0.018115,           0.0011181,          0.00057345,          0.00073587,          0.00073587,          0.00073587
                 192,            0.015468,           0.0021975,          0.00069676,             0.98538,             0.98261,             0.99105,             0.76822,            0.017779,           0.0011234,           0.0005667,          0.00072921,          0.00072921,          0.00072921
                 193,            0.014619,           0.0019608,          0.00059284,             0.98531,              0.9823,             0.99096,             0.76863,             0.01718,           0.0011307,           0.0005664,          0.00072256,          0.00072256,          0.00072256
                 194,            0.014388,           0.0019555,          0.00059334,             0.98244,             0.98225,             0.99094,              0.7548,            0.017532,           0.0011256,          0.00058885,          0.00071591,          0.00071591,          0.00071591
                 195,            0.014773,           0.0021088,          0.00072613,             0.98494,             0.98113,             0.99075,             0.74888,            0.018557,           0.0011554,          0.00060285,          0.00070925,          0.00070925,          0.00070925
                 196,            0.014556,           0.0020629,          0.00054416,              0.9785,             0.98149,              0.9903,             0.75317,            0.017883,           0.0011197,          0.00058262,           0.0007026,           0.0007026,           0.0007026
                 197,            0.014823,           0.0020413,           0.0006271,             0.97822,              0.9825,             0.98947,             0.75551,            0.018153,           0.0011358,          0.00056548,          0.00069595,          0.00069595,          0.00069595
                 198,            0.014589,           0.0020278,          0.00052282,             0.97555,             0.98367,             0.98965,             0.75608,            0.018044,           0.0011346,           0.0005515,          0.00068929,          0.00068929,          0.00068929
                 199,            0.015197,           0.0020453,          0.00071644,             0.97657,             0.98311,             0.98997,             0.76661,            0.017666,           0.0011385,          0.00053688,          0.00068264,          0.00068264,          0.00068264
                 200,            0.014861,           0.0019671,          0.00055552,             0.97947,             0.98335,             0.98983,             0.75317,            0.018598,           0.0011408,          0.00052674,          0.00067599,          0.00067599,          0.00067599
                 201,             0.01542,           0.0019953,          0.00066896,             0.98011,             0.98247,             0.98973,             0.75816,             0.01833,           0.0011432,          0.00052623,          0.00066933,          0.00066933,          0.00066933
                 202,            0.015181,           0.0021136,          0.00072902,             0.98075,             0.98157,             0.98983,             0.75923,            0.018201,           0.0011138,          0.00053138,          0.00066268,          0.00066268,          0.00066268
                 203,            0.014658,           0.0020362,          0.00063297,             0.98022,             0.98124,             0.99038,             0.74833,            0.018753,           0.0011154,          0.00055242,          0.00065603,          0.00065603,          0.00065603
                 204,            0.013712,            0.001919,          0.00048766,             0.97993,             0.98201,              0.9902,             0.75656,            0.017483,           0.0011103,          0.00055168,          0.00064937,          0.00064937,          0.00064937
                 205,            0.014221,           0.0019075,          0.00061073,             0.97931,             0.98185,             0.99052,             0.76244,            0.017368,           0.0011226,          0.00055416,          0.00064272,          0.00064272,          0.00064272
                 206,            0.014394,           0.0020573,           0.0005778,             0.97924,             0.98162,             0.99017,             0.75171,            0.017989,           0.0011295,          0.00057098,          0.00063607,          0.00063607,          0.00063607
                 207,            0.014294,            0.001901,          0.00059199,             0.98017,             0.98088,             0.99025,             0.76132,            0.017848,            0.001096,          0.00056916,          0.00062941,          0.00062941,          0.00062941
                 208,            0.014294,           0.0019897,          0.00049837,             0.98075,             0.98009,             0.99086,              0.7549,            0.018115,           0.0010944,          0.00057929,          0.00062276,          0.00062276,          0.00062276
                 209,            0.013797,           0.0019626,          0.00048015,              0.9775,             0.98157,             0.99109,             0.77681,            0.017669,           0.0010796,          0.00056874,          0.00061611,          0.00061611,          0.00061611
                 210,            0.014029,           0.0018884,          0.00053738,             0.98507,             0.98209,             0.99155,             0.75263,             0.01852,           0.0010896,          0.00055393,          0.00060945,          0.00060945,          0.00060945
                 211,            0.013962,           0.0018593,           0.0005141,             0.98561,             0.98252,             0.99141,             0.76641,            0.017462,           0.0010904,             0.00054,           0.0006028,           0.0006028,           0.0006028
                 212,            0.014096,           0.0018648,          0.00053138,             0.98626,             0.98234,             0.99139,             0.75703,            0.018105,           0.0011116,          0.00054623,          0.00059615,          0.00059615,          0.00059615
                 213,            0.015198,            0.002086,          0.00065793,             0.98098,             0.98032,             0.99077,             0.74851,            0.018392,            0.001127,          0.00053403,          0.00058949,          0.00058949,          0.00058949
                 214,            0.013871,           0.0018491,          0.00048703,             0.98697,             0.97971,             0.99149,             0.76433,            0.017238,           0.0011318,          0.00053229,          0.00058284,          0.00058284,          0.00058284
                 215,            0.013764,           0.0019263,          0.00048657,             0.98615,             0.98096,             0.99139,             0.75795,            0.017554,            0.001123,          0.00052355,          0.00057619,          0.00057619,          0.00057619
                 216,            0.014149,           0.0018489,          0.00066399,             0.98623,             0.98132,             0.99124,             0.75564,            0.017911,           0.0011412,          0.00052406,          0.00056953,          0.00056953,          0.00056953
                 217,            0.014441,           0.0019278,            0.000589,             0.98002,             0.98029,              0.9907,             0.76408,            0.017365,           0.0011283,          0.00050853,          0.00056288,          0.00056288,          0.00056288
                 218,            0.014295,           0.0020058,          0.00056674,             0.98613,             0.97947,             0.99161,             0.75307,            0.017818,           0.0011243,          0.00051023,          0.00055623,          0.00055623,          0.00055623
                 219,            0.013886,            0.001954,          0.00054401,             0.98608,             0.97969,             0.99188,             0.74373,            0.018506,           0.0010902,          0.00051844,          0.00054957,          0.00054957,          0.00054957
                 220,            0.013781,           0.0018923,          0.00048489,             0.98532,             0.98098,             0.99194,             0.76389,            0.017362,           0.0010817,          0.00052269,          0.00054292,          0.00054292,          0.00054292
                 221,            0.013897,           0.0018322,          0.00072621,             0.98501,             0.98152,             0.99175,             0.75435,            0.018205,           0.0011017,          0.00052566,          0.00053627,          0.00053627,          0.00053627
                 222,            0.014227,           0.0019781,          0.00052012,             0.98625,              0.9813,             0.99159,             0.75228,            0.018285,           0.0011004,          0.00052663,          0.00052961,          0.00052961,          0.00052961
                 223,            0.013243,           0.0018545,          0.00043269,             0.98052,             0.98155,               0.991,             0.76353,            0.017405,           0.0010838,          0.00052883,          0.00052296,          0.00052296,          0.00052296
                 224,            0.014189,           0.0019422,          0.00053705,             0.98596,              0.9821,             0.99165,               0.755,            0.017835,           0.0010646,          0.00052132,          0.00051631,          0.00051631,          0.00051631
                 225,             0.01315,           0.0019141,          0.00044778,             0.98559,             0.98204,              0.9916,             0.75332,            0.017785,           0.0010421,          0.00053154,          0.00050965,          0.00050965,          0.00050965
                 226,            0.013467,           0.0018907,          0.00043262,             0.98619,             0.98212,             0.99172,             0.75633,            0.018066,            0.001039,          0.00052312,            0.000503,            0.000503,            0.000503
                 227,             0.01462,           0.0018249,          0.00056505,             0.98505,             0.98317,             0.99167,             0.75193,            0.018044,           0.0010731,          0.00053321,          0.00049635,          0.00049635,          0.00049635
                 228,            0.014588,           0.0020263,          0.00056158,             0.98446,             0.98407,             0.99156,             0.74749,            0.018232,           0.0010761,          0.00055082,          0.00048969,          0.00048969,          0.00048969
                 229,             0.01379,           0.0019641,          0.00052933,             0.98562,             0.98316,             0.99151,             0.75528,            0.017821,           0.0010793,          0.00053546,          0.00048304,          0.00048304,          0.00048304
                 230,            0.013849,           0.0019513,          0.00051248,             0.98611,             0.98232,             0.99167,             0.75905,            0.017819,           0.0010671,          0.00053359,          0.00047639,          0.00047639,          0.00047639
                 231,            0.013438,           0.0018538,          0.00048853,             0.98584,             0.98156,             0.99141,               0.754,             0.01783,           0.0010829,          0.00054929,          0.00046973,          0.00046973,          0.00046973
                 232,            0.013488,           0.0019655,          0.00045523,             0.98545,             0.98195,             0.99134,             0.76447,            0.017443,           0.0010941,          0.00056274,          0.00046308,          0.00046308,          0.00046308
                 233,             0.01289,           0.0017884,          0.00044296,             0.98521,             0.98203,             0.99111,             0.75544,            0.017747,           0.0010992,          0.00055791,          0.00045643,          0.00045643,          0.00045643
                 234,             0.01393,           0.0018801,          0.00060902,              0.9856,             0.98264,              0.9911,             0.75489,            0.017723,           0.0010967,          0.00054303,          0.00044977,          0.00044977,          0.00044977
                 235,            0.013561,           0.0018152,          0.00053098,             0.98616,             0.98304,             0.99123,             0.75036,            0.017823,           0.0010859,          0.00051607,          0.00044312,          0.00044312,          0.00044312
                 236,            0.013263,           0.0018858,          0.00044207,              0.9863,             0.98225,             0.99128,             0.75465,            0.017978,           0.0010805,          0.00049814,          0.00043647,          0.00043647,          0.00043647
                 237,            0.013536,           0.0019147,          0.00055637,             0.98682,             0.98166,             0.99137,             0.76361,            0.017867,           0.0010595,          0.00049699,          0.00042981,          0.00042981,          0.00042981
                 238,             0.01333,           0.0019123,          0.00043504,             0.98686,             0.98196,             0.99151,             0.75084,            0.017642,           0.0010583,          0.00049145,          0.00042316,          0.00042316,          0.00042316
                 239,            0.013522,            0.001886,           0.0004366,             0.98659,             0.98249,             0.99166,             0.77335,            0.016675,           0.0010493,          0.00047542,          0.00041651,          0.00041651,          0.00041651
                 240,            0.013784,           0.0018976,           0.0004798,             0.98599,              0.9822,             0.99173,              0.7555,            0.017955,           0.0010643,          0.00049278,          0.00040985,          0.00040985,          0.00040985
                 241,             0.01362,            0.001892,           0.0005349,             0.98589,             0.98167,             0.99153,              0.7645,             0.01793,           0.0010778,          0.00050547,           0.0004032,           0.0004032,           0.0004032
                 242,            0.013214,           0.0018707,          0.00043701,             0.98652,             0.98117,              0.9913,             0.75722,             0.01808,            0.001063,          0.00051629,          0.00039655,          0.00039655,          0.00039655
                 243,             0.01348,           0.0017642,          0.00058611,             0.98724,             0.98093,             0.99123,             0.75695,            0.017853,           0.0010617,          0.00052228,          0.00038989,          0.00038989,          0.00038989
                 244,            0.013988,           0.0019639,          0.00061415,             0.98756,             0.98051,             0.99123,             0.75565,            0.017509,           0.0010539,          0.00052823,          0.00038324,          0.00038324,          0.00038324
                 245,            0.014112,           0.0019625,          0.00052495,             0.98613,              0.9805,             0.99118,             0.75805,             0.01745,            0.001043,          0.00053732,          0.00037659,          0.00037659,          0.00037659
                 246,            0.013842,           0.0019291,          0.00057138,             0.98585,             0.98153,             0.99115,             0.75473,            0.018232,            0.001051,          0.00051684,          0.00036993,          0.00036993,          0.00036993
                 247,             0.01253,           0.0017368,          0.00039281,              0.9862,             0.98228,             0.99126,             0.76421,            0.017859,           0.0010466,          0.00050458,          0.00036328,          0.00036328,          0.00036328
                 248,            0.013141,           0.0017896,          0.00047485,             0.98534,             0.98169,             0.99132,             0.76487,             0.01749,           0.0010519,          0.00050606,          0.00035663,          0.00035663,          0.00035663
                 249,            0.013146,           0.0018505,          0.00055207,             0.98523,             0.98133,             0.99139,             0.77211,             0.01768,           0.0010611,           0.0005036,          0.00034997,          0.00034997,          0.00034997
                 250,            0.013813,           0.0020066,          0.00063212,             0.98534,             0.98143,             0.99137,             0.76137,            0.017787,           0.0010704,          0.00051264,          0.00034332,          0.00034332,          0.00034332
                 251,             0.01329,           0.0018356,          0.00046782,             0.98581,             0.98169,             0.99147,             0.76518,            0.017707,           0.0010621,          0.00051349,          0.00033667,          0.00033667,          0.00033667
                 252,            0.013389,           0.0020343,          0.00050188,              0.9804,             0.98197,             0.99077,             0.75488,            0.018214,           0.0010679,          0.00051449,          0.00033001,          0.00033001,          0.00033001
                 253,            0.012726,           0.0019753,           0.0004662,             0.98691,              0.9818,             0.99141,             0.76043,            0.017945,           0.0010631,          0.00049834,          0.00032336,          0.00032336,          0.00032336
                 254,            0.013237,           0.0018358,          0.00050985,             0.98043,              0.9811,             0.99089,             0.75331,             0.01825,           0.0010685,          0.00047777,          0.00031671,          0.00031671,          0.00031671
                 255,            0.012909,           0.0018963,          0.00051596,             0.98721,             0.98078,             0.99154,              0.7629,            0.017915,           0.0010487,          0.00046495,          0.00031005,          0.00031005,          0.00031005
                 256,            0.012755,           0.0019737,          0.00049199,             0.98694,             0.98057,             0.99152,             0.76138,            0.018081,           0.0010555,          0.00045453,           0.0003034,           0.0003034,           0.0003034
                 257,            0.013387,           0.0018418,          0.00047221,             0.98679,             0.98052,              0.9915,             0.75826,            0.017883,           0.0010458,          0.00046693,          0.00029675,          0.00029675,          0.00029675
                 258,            0.013246,           0.0018947,          0.00040267,             0.98677,             0.98081,             0.99161,             0.75465,            0.018138,           0.0010516,          0.00047226,          0.00029009,          0.00029009,          0.00029009
                 259,            0.012951,           0.0017581,          0.00055718,             0.98602,             0.97886,             0.99135,             0.75863,             0.01782,            0.001048,          0.00047372,          0.00028344,          0.00028344,          0.00028344
                 260,            0.013446,           0.0020105,          0.00048966,             0.98604,             0.97895,             0.99131,             0.74506,            0.018634,           0.0010598,          0.00046928,          0.00027679,          0.00027679,          0.00027679
                 261,            0.013129,           0.0018858,          0.00047785,             0.98596,             0.97898,             0.99129,             0.74923,              0.0184,           0.0010388,          0.00046479,          0.00027013,          0.00027013,          0.00027013
                 262,            0.013493,           0.0018557,          0.00045867,              0.9857,             0.97983,             0.99124,             0.75163,            0.017688,           0.0010407,           0.0004603,          0.00026348,          0.00026348,          0.00026348
                 263,            0.013148,           0.0019335,          0.00057272,               0.981,             0.98249,             0.99093,             0.75566,            0.018042,           0.0010621,          0.00045534,          0.00025683,          0.00025683,          0.00025683
                 264,            0.012785,           0.0018394,          0.00041872,             0.98115,             0.98208,             0.99102,             0.75586,            0.017677,           0.0010769,          0.00045197,          0.00025017,          0.00025017,          0.00025017
                 265,            0.012964,           0.0017989,           0.0004085,             0.98047,             0.98165,             0.99113,             0.75799,            0.017677,           0.0010587,          0.00043933,          0.00024352,          0.00024352,          0.00024352
                 266,            0.013418,           0.0018108,          0.00043381,             0.97887,             0.97832,             0.99111,             0.75644,            0.018076,           0.0010496,          0.00044591,          0.00023687,          0.00023687,          0.00023687
                 267,            0.013074,           0.0019005,          0.00049241,             0.97958,             0.98233,             0.99115,             0.75506,            0.017773,           0.0010466,          0.00045266,          0.00023021,          0.00023021,          0.00023021
                 268,            0.013844,            0.001994,          0.00058603,             0.97793,             0.97907,             0.99083,             0.75545,            0.017882,           0.0010461,          0.00045294,          0.00022356,          0.00022356,          0.00022356
                 269,            0.012654,           0.0017649,          0.00042562,             0.97844,             0.97906,             0.99128,              0.7575,            0.017698,           0.0010635,          0.00043726,          0.00021691,          0.00021691,          0.00021691
                 270,            0.012518,           0.0017856,          0.00041243,             0.98676,             0.98228,             0.99203,             0.75433,            0.017735,           0.0010538,          0.00044221,          0.00021025,          0.00021025,          0.00021025
                 271,            0.012568,           0.0017185,          0.00041147,             0.98093,              0.9825,             0.99131,             0.75873,            0.017885,           0.0010456,          0.00044717,           0.0002036,           0.0002036,           0.0002036
                 272,            0.012388,           0.0018351,            0.000347,              0.9854,             0.97984,             0.99201,             0.75396,            0.018352,           0.0010599,          0.00044184,          0.00019695,          0.00019695,          0.00019695
                 273,            0.013041,           0.0017295,          0.00048921,             0.98546,             0.97987,             0.99161,             0.75142,            0.018389,           0.0010719,          0.00044769,          0.00019029,          0.00019029,          0.00019029
                 274,            0.013116,           0.0018877,          0.00050963,             0.97944,             0.97955,             0.99068,             0.75118,            0.018301,           0.0010739,          0.00044374,          0.00018364,          0.00018364,          0.00018364
                 275,            0.013457,           0.0018932,          0.00045045,             0.97956,             0.97904,             0.99056,             0.75732,            0.017717,           0.0010679,          0.00044462,          0.00017699,          0.00017699,          0.00017699
                 276,            0.012098,            0.001741,          0.00040616,             0.98004,              0.9787,             0.99087,             0.75471,             0.01783,           0.0010575,          0.00044078,          0.00017033,          0.00017033,          0.00017033
                 277,            0.012807,            0.001927,           0.0004635,             0.98148,              0.9808,             0.99066,             0.75829,            0.017983,           0.0010365,          0.00045191,          0.00016368,          0.00016368,          0.00016368
                 278,            0.013373,           0.0020268,          0.00048371,             0.98166,             0.98073,             0.99063,             0.75963,            0.018117,           0.0010264,          0.00045762,          0.00015703,          0.00015703,          0.00015703
                 279,            0.012916,           0.0018841,          0.00049833,             0.98178,             0.98082,             0.99068,             0.75056,            0.018199,           0.0010449,          0.00044802,          0.00015037,          0.00015037,          0.00015037
                 280,            0.012546,           0.0018352,          0.00037816,             0.98141,             0.98048,             0.99077,              0.7624,            0.017743,            0.001054,          0.00044222,          0.00014372,          0.00014372,          0.00014372
                 281,            0.012449,           0.0017812,          0.00040056,             0.98111,             0.98064,             0.99084,             0.75336,            0.018029,           0.0010608,          0.00043613,          0.00013707,          0.00013707,          0.00013707
                 282,            0.013324,           0.0019645,          0.00051965,             0.98121,             0.98097,             0.99082,             0.74886,            0.018321,           0.0010558,          0.00044193,          0.00013041,          0.00013041,          0.00013041
                 283,            0.012498,           0.0018175,          0.00043711,             0.98172,             0.98146,             0.99097,             0.74972,            0.017902,           0.0010269,          0.00042938,          0.00012376,          0.00012376,          0.00012376
                 284,            0.012448,             0.00174,          0.00044572,             0.97999,             0.97839,             0.99091,             0.75483,            0.017868,            0.001026,          0.00043544,          0.00011711,          0.00011711,          0.00011711
                 285,            0.012901,           0.0018735,          0.00043889,             0.98128,             0.98067,             0.99068,              0.7654,            0.017716,           0.0010374,          0.00044958,          0.00011045,          0.00011045,          0.00011045
                 286,            0.013248,           0.0018531,          0.00052039,             0.98141,             0.98144,             0.99066,             0.75331,            0.017928,           0.0010346,          0.00044333,           0.0001038,           0.0001038,           0.0001038
                 287,            0.013047,           0.0018749,          0.00052718,             0.98132,             0.98181,             0.99046,             0.75662,            0.018132,           0.0010359,          0.00043322,          9.7147e-05,          9.7147e-05,          9.7147e-05
                 288,            0.012746,           0.0018583,          0.00047615,             0.98005,             0.97867,             0.99035,             0.76133,            0.017763,           0.0010478,           0.0004341,          9.0493e-05,          9.0493e-05,          9.0493e-05
                 289,            0.011737,           0.0017225,          0.00035597,             0.98025,             0.97869,             0.99018,              0.7531,            0.018342,           0.0010545,          0.00044343,           8.384e-05,           8.384e-05,           8.384e-05
                 290,            0.011983,           0.0016563,          0.00042186,             0.98056,             0.97887,             0.99019,             0.75539,               0.018,           0.0010546,           0.0004472,          7.7187e-05,          7.7187e-05,          7.7187e-05
                 291,            0.012837,           0.0018464,          0.00044196,             0.98058,             0.97892,             0.99018,             0.74797,            0.018124,            0.001051,           0.0004389,          7.0533e-05,          7.0533e-05,          7.0533e-05
                 292,            0.012496,           0.0018871,          0.00042205,             0.98191,             0.98169,              0.9903,              0.7516,            0.018119,           0.0010428,          0.00044268,           6.388e-05,           6.388e-05,           6.388e-05
                 293,            0.012515,           0.0018699,          0.00049218,             0.98181,             0.98185,             0.99033,             0.75938,            0.017821,            0.001043,          0.00043703,          5.7227e-05,          5.7227e-05,          5.7227e-05
                 294,            0.013009,           0.0018485,          0.00056808,             0.98017,             0.97854,             0.99015,              0.7594,              0.0178,           0.0010419,          0.00043584,          5.0573e-05,          5.0573e-05,          5.0573e-05
                 295,            0.012504,           0.0018118,          0.00049923,             0.98016,             0.97854,             0.99054,             0.75398,            0.018134,           0.0010307,          0.00045159,           4.392e-05,           4.392e-05,           4.392e-05
                 296,            0.012384,           0.0018362,          0.00043959,             0.98164,             0.98159,             0.99057,             0.75068,            0.018046,           0.0010322,          0.00045366,          3.7267e-05,          3.7267e-05,          3.7267e-05
                 297,            0.012865,           0.0018215,          0.00040051,             0.98032,             0.97905,             0.99057,             0.75363,            0.017843,             0.00103,          0.00043879,          3.0613e-05,          3.0613e-05,          3.0613e-05
                 298,            0.011996,           0.0018434,          0.00036099,             0.98148,             0.98181,             0.99071,             0.75746,            0.017738,            0.001028,          0.00043495,           2.396e-05,           2.396e-05,           2.396e-05
                 299,            0.012953,           0.0019651,          0.00048809,              0.9816,             0.98113,             0.99068,              0.7614,            0.017683,           0.0010352,          0.00043746,          1.7307e-05,          1.7307e-05,          1.7307e-05
